Name,REFEREE,Referee Name,Referee Email,Referee Phone,Date,Total Years Reffing,Maximum Travel Distance,Start Time,End Time,Preferred Locations,Positions Willing to Work,Age Groups Preferred,Notes,Status,Submitted At,Game,Max Games
,,Tyler Marchetti,,,3/28/2026,,,08:00,18:00,,,,Test data,,3/23/2026 10:01,,2
,,Tyler Marchetti,,,3/29/2026,,,08:00,18:00,,,,Test data,,3/23/2026 10:01,,2
,,Sofia Ostrowski,,,3/28/2026,,,08:00,18:00,,,,Test data,,3/23/2026 10:01,,2
,,Sofia Ostrowski,,,3/29/2026,,,08:00,18:00,,,,Test data,,3/23/2026 10:01,,2
,,Liam Kowalski,,,3/28/2026,,,08:00,18:00,,,,Test data,,3/23/2026 10:01,,2
,,Liam Kowalski,,,3/29/2026,,,08:00,18:00,,,,Test data,,3/23/2026 10:01,,2
,,Danny Kozlowski,,,3/28/2026,,,08:00,18:00,,,,Test data,,3/23/2026 10:01,,2
,,Danny Kozlowski,,,3/29/2026,,,08:00,18:00,,,,Test data,,3/23/2026 10:01,,2
,,Nadia Petrov,,,3/28/2026,,,08:00,18:00,,,,Test data,,3/23/2026 10:01,,2
,,Nadia Petrov,,,3/29/2026,,,08:00,18:00,,,,Test data,,3/23/2026 10:01,,2
,,Maya Fontaine,,,3/28/2026,,,08:00,18:00,,,,Test data,,3/23/2026 10:01,,2
,,Maya Fontaine,,,3/29/2026,,,08:00,18:00,,,,Test data,,3/23/2026 10:01,,2
,,Zoe Blanchard,,,3/28/2026,,,08:00,18:00,,,,Test data,,3/23/2026 10:01,,2
,,Zoe Blanchard,,,3/29/2026,,,08:00,18:00,,,,Test data,,3/23/2026 10:01,,2
,,Nick Fabrizio,,,3/28/2026,,,08:00,18:00,,,,Test data,,3/23/2026 10:01,,2
,,Nick Fabrizio,,,3/29/2026,,,08:00,18:00,,,,Test data,,3/23/2026 10:01,,2
,,Jake Sullivan,,,3/28/2026,,,08:00,18:00,,,,Test data,,3/23/2026 10:01,,2
,,Jake Sullivan,,,3/29/2026,,,08:00,18:00,,,,Test data,,3/23/2026 10:01,,2
,,Jordan Fitzpatrick,,,3/28/2026,,,08:00,18:00,,,,Test data,,3/23/2026 10:01,,2
,,Jordan Fitzpatrick,,,3/29/2026,,,08:00,18:00,,,,Test data,,3/23/2026 10:01,,2
,,Emma Leblanc,,,3/28/2026,,,08:00,18:00,,,,Test data,,3/23/2026 10:01,,2
,,Emma Leblanc,,,3/29/2026,,,08:00,18:00,,,,Test data,,3/23/2026 10:01,,2
,,Rachel Winslow,,,3/28/2026,,,08:00,18:00,,,,Test data,,3/23/2026 10:01,,2
,,Rachel Winslow,,,3/29/2026,,,08:00,18:00,,,,Test data,,3/23/2026 10:01,,2
,,Claire Bouchard,,,3/28/2026,,,08:00,18:00,,,,Test data,,3/23/2026 10:01,,2
,,Claire Bouchard,,,3/29/2026,,,08:00,18:00,,,,Test data,,3/23/2026 10:01,,2
,,Jake Ostrowski,,,3/28/2026,,,08:00,18:00,,,,Test data,,3/23/2026 10:01,,2
,,Jake Ostrowski,,,3/29/2026,,,08:00,18:00,,,,Test data,,3/23/2026 10:01,,2
,,Danny Gallagher,,,3/28/2026,,,08:00,18:00,,,,Test data,,3/23/2026 10:01,,2
,,Danny Gallagher,,,3/29/2026,,,08:00,18:00,,,,Test data,,3/23/2026 10:01,,2
,,Fiona Beaumont,,,3/28/2026,,,08:00,18:00,,,,Test data,,3/23/2026 10:01,,2
,,Fiona Beaumont,,,3/29/2026,,,08:00,18:00,,,,Test data,,3/23/2026 10:01,,2
,,Alexis Moreau,,,3/28/2026,,,08:00,18:00,,,,Test data,,3/23/2026 10:01,,2
,,Alexis Moreau,,,3/29/2026,,,08:00,18:00,,,,Test data,,3/23/2026 10:01,,2
,,Brendan Gallagher,,,3/28/2026,,,08:00,18:00,,,,Test data,,3/23/2026 10:01,,2
,,Brendan Gallagher,,,3/29/2026,,,08:00,18:00,,,,Test data,,3/23/2026 10:01,,2
,,Sara Leboeuf,,,3/28/2026,,,08:00,18:00,,,,Test data,,3/23/2026 10:01,,2
,,Sara Leboeuf,,,3/29/2026,,,08:00,18:00,,,,Test data,,3/23/2026 10:01,,2
,,Claire Holloway,,,3/28/2026,,,08:00,18:00,,,,Test data,,3/23/2026 10:01,,2
,,Claire Holloway,,,3/29/2026,,,08:00,18:00,,,,Test data,,3/23/2026 10:01,,2
,,Marcus Webb,,,3/28/2026,,,08:00,18:00,,,,Test data,,3/23/2026 10:01,,2
,,Marcus Webb,,,3/29/2026,,,08:00,18:00,,,,Test data,,3/23/2026 10:01,,2
,,Diane Kozlowski,,,3/28/2026,,,08:00,18:00,,,,Test data,,3/23/2026 10:01,,2
,,Diane Kozlowski,,,3/29/2026,,,08:00,18:00,,,,Test data,,3/23/2026 10:01,,2
,,Chris Beausoleil,,,3/28/2026,,,08:00,18:00,,,,Test data,,3/23/2026 10:01,,2
,,Chris Beausoleil,,,3/29/2026,,,08:00,18:00,,,,Test data,,3/23/2026 10:01,,2
,,Patrick Villeneuve,,,3/28/2026,,,08:00,18:00,,,,Test data,,3/23/2026 10:01,,2
,,Patrick Villeneuve,,,3/29/2026,,,08:00,18:00,,,,Test data,,3/23/2026 10:01,,2
,,Greg Fabrizio,,,3/28/2026,,,08:00,18:00,,,,Test data,,3/23/2026 10:01,,2
,,Greg Fabrizio,,,3/29/2026,,,08:00,18:00,,,,Test data,,3/23/2026 10:01,,2
,,Janet Tremblay,,,3/28/2026,,,08:00,18:00,,,,Test data,,3/23/2026 10:01,,2
,,Janet Tremblay,,,3/29/2026,,,08:00,18:00,,,,Test data,,3/23/2026 10:01,,2
,,Dan Calloway,,,3/28/2026,,,08:00,18:00,,,,Test data,,3/23/2026 10:01,,2
,,Dan Calloway,,,3/29/2026,,,08:00,18:00,,,,Test data,,3/23/2026 10:01,,2
,,Linda Beauchamp,,,3/28/2026,,,08:00,18:00,,,,Test data,,3/23/2026 10:01,,2
,,Linda Beauchamp,,,3/29/2026,,,08:00,18:00,,,,Test data,,3/23/2026 10:01,,2
,,Walt Whitmore,,,3/28/2026,,,08:00,18:00,,,,Test data,,3/23/2026 10:01,,2
,,Walt Whitmore,,,3/29/2026,,,08:00,18:00,,,,Test data,,3/23/2026 10:01,,2